CustomerID,Country,SignupDate
CUST00001,India,2026-08-30
CUST00002,UAE,2026-08-30
CUST00003,United States,2026-08-30
CUST00004,United Kingdom,2026-08-30
CUST00005,India,2026-08-30
CUST00006,India,2026-08-30
CUST00007,India,2026-08-30
CUST00008,Germany,2026-08-30
CUST00009,United Kingdom,2026-08-30
CUST00010,United States,2026-08-30
CUST00011,India,2026-08-30
CUST00012,Singapore,2026-08-30
CUST00013,Germany,2026-08-30
CUST00014,India,2026-08-30
CUST00015,India,2026-08-30
CUST00016,India,2026-08-30
CUST00017,India,2026-08-30
CUST00018,India,2026-08-30
CUST00019,India,2026-08-30
CUST00020,India,2026-08-30
CUST00021,United Kingdom,2026-08-30
CUST00022,India,2026-08-30
CUST00023,India,2026-08-30
CUST00024,India,2026-08-30
CUST00025,India,2026-08-30
CUST00026,United States,2026-08-30
CUST00027,India,2026-08-30
CUST00028,India,2026-08-30
CUST00029,United Kingdom,2026-08-30
CUST00030,India,2026-08-30
CUST00031,United Kingdom,2026-08-30
CUST00032,India,2026-08-30
CUST00033,India,2026-08-30
CUST00034,UAE,2026-08-30
CUST00035,Singapore,2026-08-30
CUST00036,United States,2026-08-30
CUST00037,India,2026-08-30
CUST00038,India,2026-08-30
CUST00039,United Kingdom,2026-08-30
CUST00040,India,2026-08-30
CUST00041,India,2026-08-30
CUST00042,India,2026-08-30
CUST00043,India,2026-08-30
CUST00044,UAE,2026-08-30
CUST00045,India,2026-08-30
CUST00046,United Kingdom,2026-08-30
CUST00047,India,2026-08-30
CUST00048,India,2026-08-30
CUST00049,India,2026-08-30
CUST00050,India,2026-08-30
CUST00051,Singapore,2026-08-30
CUST00052,United States,2026-08-30
CUST00053,UAE,2026-08-30
CUST00054,Germany,2026-08-30
CUST00055,United Kingdom,2026-08-30
CUST00056,UAE,2026-08-30
CUST00057,India,2026-08-30
CUST00058,India,2026-08-30
CUST00059,India,2026-08-30
CUST00060,India,2026-08-30
CUST00061,India,2026-08-30
CUST00062,India,2026-08-30
CUST00063,Germany,2026-08-30
CUST00064,India,2026-08-30
CUST00065,India,2026-08-30
CUST00066,India,2026-08-30
CUST00067,India,2026-08-30
CUST00068,United States,2026-08-30
CUST00069,India,2026-08-30
CUST00070,Singapore,2026-08-30
CUST00071,United States,2026-08-30
CUST00072,India,2026-08-30
CUST00073,India,2026-08-30
CUST00074,United States,2026-08-30
CUST00075,United States,2026-08-30
CUST00076,United States,2026-08-30
CUST00077,United States,2026-08-30
CUST00078,India,2026-08-30
CUST00079,India,2026-08-30
CUST00080,India,2026-08-30
CUST00081,Germany,2026-08-30
CUST00082,United Kingdom,2026-08-30
CUST00083,India,2026-08-30
CUST00084,India,2026-08-30
CUST00085,India,2026-08-30
CUST00086,India,2026-08-30
CUST00087,United States,2026-08-30
CUST00088,United Kingdom,2026-08-30
CUST00089,Germany,2026-08-30
CUST00090,India,2026-08-30
CUST00091,India,2026-08-30
CUST00092,United States,2026-08-30
CUST00093,United States,2026-08-30
CUST00094,United Kingdom,2026-08-30
CUST00095,United States,2026-08-30
CUST00096,India,2026-08-30
CUST00097,India,2026-08-30
CUST00098,India,2026-08-30
CUST00099,India,2026-08-30
CUST00100,India,2026-08-30
CUST00101,India,2026-08-30
CUST00102,United Kingdom,2026-08-30
CUST00103,India,2026-08-30
CUST00104,India,2026-08-30
CUST00105,UAE,2026-08-30
CUST00106,India,2026-08-30
CUST00107,India,2026-08-30
CUST00108,United States,2026-08-30
CUST00109,India,2026-08-30
CUST00110,India,2026-08-30
CUST00111,India,2026-08-30
CUST00112,India,2026-08-30
CUST00113,UAE,2026-08-30
CUST00114,United States,2026-08-30
CUST00115,United Kingdom,2026-08-30
CUST00116,Germany,2026-08-30
CUST00117,United States,2026-08-30
CUST00118,India,2026-08-30
CUST00119,Germany,2026-08-30
CUST00120,India,2026-08-30
CUST00121,United States,2026-08-30
CUST00122,Germany,2026-08-30
CUST00123,India,2026-08-30
CUST00124,India,2026-08-30
CUST00125,India,2026-08-30
CUST00126,India,2026-08-30
CUST00127,United States,2026-08-30
CUST00128,Germany,2026-08-30
CUST00129,India,2026-08-30
CUST00130,India,2026-08-30
CUST00131,India,2026-08-30
CUST00132,India,2026-08-30
CUST00133,India,2026-08-30
CUST00134,India,2026-08-30
CUST00135,UAE,2026-08-30
CUST00136,India,2026-08-30
CUST00137,India,2026-08-30
CUST00138,United States,2026-08-30
CUST00139,India,2026-08-30
CUST00140,Singapore,2026-08-30
CUST00141,Singapore,2026-08-30
CUST00142,India,2026-08-30
CUST00143,India,2026-08-30
CUST00144,India,2026-08-30
CUST00145,India,2026-08-30
CUST00146,India,2026-08-30
CUST00147,United Kingdom,2026-08-30
CUST00148,India,2026-08-30
CUST00149,India,2026-08-30
CUST00150,India,2026-08-30
CUST00151,UAE,2026-08-30
CUST00152,India,2026-08-30
CUST00153,India,2026-08-30
CUST00154,India,2026-08-30
CUST00155,Singapore,2026-08-30
CUST00156,India,2026-08-30
CUST00157,United Kingdom,2026-08-30
CUST00158,United States,2026-08-30
CUST00159,India,2026-08-30
CUST00160,United States,2026-08-30
CUST00161,India,2026-08-30
CUST00162,United Kingdom,2026-08-30
CUST00163,United Kingdom,2026-08-30
CUST00164,India,2026-08-30
CUST00165,India,2026-08-30
CUST00166,Germany,2026-08-30
CUST00167,India,2026-08-30
CUST00168,India,2026-08-30
CUST00169,India,2026-08-30
CUST00170,United Kingdom,2026-08-30
CUST00171,United Kingdom,2026-08-30
CUST00172,India,2026-08-30
CUST00173,India,2026-08-30
CUST00174,India,2026-08-30
CUST00175,United Kingdom,2026-08-30
CUST00176,India,2026-08-30
CUST00177,United Kingdom,2026-08-30
CUST00178,India,2026-08-30
CUST00179,UAE,2026-08-30
CUST00180,India,2026-08-30
CUST00181,India,2026-08-30
CUST00182,India,2026-08-30
CUST00183,UAE,2026-08-30
CUST00184,Germany,2026-08-30
CUST00185,India,2026-08-30
CUST00186,United Kingdom,2026-08-30
CUST00187,United States,2026-08-30
CUST00188,United Kingdom,2026-08-30
CUST00189,India,2026-08-30
CUST00190,India,2026-08-30
CUST00191,India,2026-08-30
CUST00192,Germany,2026-08-30
CUST00193,UAE,2026-08-30
CUST00194,United Kingdom,2026-08-30
CUST00195,India,2026-08-30
CUST00196,India,2026-08-30
CUST00197,United States,2026-08-30
CUST00198,Germany,2026-08-30
CUST00199,Germany,2026-08-30
CUST00200,United States,2026-08-30
CUST00201,United Kingdom,2026-08-30
CUST00202,India,2026-08-30
CUST00203,India,2026-08-30
CUST00204,Germany,2026-08-30
CUST00205,United Kingdom,2026-08-30
CUST00206,India,2026-08-30
CUST00207,India,2026-08-30
CUST00208,United Kingdom,2026-08-30
CUST00209,India,2026-08-30
CUST00210,India,2026-08-30
CUST00211,India,2026-08-30
CUST00212,United Kingdom,2026-08-30
CUST00213,United Kingdom,2026-08-30
CUST00214,India,2026-08-30
CUST00215,United States,2026-08-30
CUST00216,India,2026-08-30
CUST00217,India,2026-08-30
CUST00218,United States,2026-08-30
CUST00219,United Kingdom,2026-08-30
CUST00220,Germany,2026-08-30
CUST00221,United Kingdom,2026-08-30
CUST00222,United Kingdom,2026-08-30
CUST00223,India,2026-08-30
CUST00224,India,2026-08-30
CUST00225,India,2026-08-30
CUST00226,India,2026-08-30
CUST00227,Singapore,2026-08-30
CUST00228,India,2026-08-30
CUST00229,Germany,2026-08-30
CUST00230,United Kingdom,2026-08-30
CUST00231,United States,2026-08-30
CUST00232,India,2026-08-30
CUST00233,United Kingdom,2026-08-30
CUST00234,India,2026-08-30
CUST00235,India,2026-08-30
CUST00236,United States,2026-08-30
CUST00237,India,2026-08-30
CUST00238,India,2026-08-30
CUST00239,United Kingdom,2026-08-30
CUST00240,India,2026-08-30
CUST00241,UAE,2026-08-30
CUST00242,UAE,2026-08-30
CUST00243,UAE,2026-08-30
CUST00244,India,2026-08-30
CUST00245,India,2026-08-30
CUST00246,UAE,2026-08-30
CUST00247,India,2026-08-30
CUST00248,Singapore,2026-08-30
CUST00249,Singapore,2026-08-30
CUST00250,Germany,2026-08-30
CUST00251,India,2026-08-30
CUST00252,India,2026-08-30
CUST00253,Germany,2026-08-30
CUST00254,India,2026-08-30
CUST00255,India,2026-08-30
CUST00256,United Kingdom,2026-08-30
CUST00257,UAE,2026-08-30
CUST00258,United Kingdom,2026-08-30
CUST00259,United Kingdom,2026-08-30
CUST00260,India,2026-08-30
CUST00261,United Kingdom,2026-08-30
CUST00262,Singapore,2026-08-30
CUST00263,India,2026-08-30
CUST00264,India,2026-08-30
CUST00265,Germany,2026-08-30
CUST00266,United States,2026-08-30
CUST00267,United Kingdom,2026-08-30
CUST00268,United States,2026-08-30
CUST00269,India,2026-08-30
CUST00270,India,2026-08-30
CUST00271,United States,2026-08-30
CUST00272,United States,2026-08-30
CUST00273,Germany,2026-08-30
CUST00274,UAE,2026-08-30
CUST00275,India,2026-08-30
CUST00276,India,2026-08-30
CUST00277,United States,2026-08-30
CUST00278,United Kingdom,2026-08-30
CUST00279,United States,2026-08-30
CUST00280,United States,2026-08-30
CUST00281,Germany,2026-08-30
CUST00282,India,2026-08-30
CUST00283,India,2026-08-30
CUST00284,India,2026-08-30
CUST00285,United Kingdom,2026-08-30
CUST00286,India,2026-08-30
CUST00287,India,2026-08-30
CUST00288,India,2026-08-30
CUST00289,India,2026-08-30
CUST00290,United Kingdom,2026-08-30
CUST00291,India,2026-08-30
CUST00292,India,2026-08-30
CUST00293,Germany,2026-08-30
CUST00294,India,2026-08-30
CUST00295,India,2026-08-30
CUST00296,India,2026-08-30
CUST00297,United States,2026-08-30
CUST00298,India,2026-08-30
CUST00299,United Kingdom,2026-08-30
CUST00300,India,2026-08-30
CUST00301,India,2026-08-30
CUST00302,India,2026-08-30
CUST00303,India,2026-08-30
CUST00304,United Kingdom,2026-08-30
CUST00305,United States,2026-08-30
CUST00306,Singapore,2026-08-30
CUST00307,India,2026-08-30
CUST00308,India,2026-08-30
CUST00309,United States,2026-08-30
CUST00310,India,2026-08-30
CUST00311,India,2026-08-30
CUST00312,India,2026-08-30
CUST00313,India,2026-08-30
CUST00314,Singapore,2026-08-30
CUST00315,Germany,2026-08-30
CUST00316,United Kingdom,2026-08-30
CUST00317,India,2026-08-30
CUST00318,India,2026-08-30
CUST00319,India,2026-08-30
CUST00320,India,2026-08-30
CUST00321,India,2026-08-30
CUST00322,United States,2026-08-30
CUST00323,United Kingdom,2026-08-30
CUST00324,India,2026-08-30
CUST00325,UAE,2026-08-30
CUST00326,United States,2026-08-30
CUST00327,United Kingdom,2026-08-30
CUST00328,United Kingdom,2026-08-30
CUST00329,India,2026-08-30
CUST00330,India,2026-08-30
CUST00331,India,2026-08-30
CUST00332,United States,2026-08-30
CUST00333,India,2026-08-30
CUST00334,India,2026-08-30
CUST00335,India,2026-08-30
CUST00336,India,2026-08-30
CUST00337,Germany,2026-08-30
CUST00338,United States,2026-08-30
CUST00339,India,2026-08-30
CUST00340,India,2026-08-30
CUST00341,India,2026-08-30
CUST00342,India,2026-08-30
CUST00343,India,2026-08-30
CUST00344,India,2026-08-30
CUST00345,India,2026-08-30
CUST00346,United Kingdom,2026-08-30
CUST00347,United Kingdom,2026-08-30
CUST00348,India,2026-08-30
CUST00349,India,2026-08-30
CUST00350,United Kingdom,2026-08-30
CUST00351,India,2026-08-30
CUST00352,Germany,2026-08-30
CUST00353,United Kingdom,2026-08-30
CUST00354,India,2026-08-30
CUST00355,India,2026-08-30
CUST00356,United Kingdom,2026-08-30
CUST00357,India,2026-08-30
CUST00358,United Kingdom,2026-08-30
CUST00359,UAE,2026-08-30
CUST00360,United Kingdom,2026-08-30
CUST00361,India,2026-08-30
CUST00362,United Kingdom,2026-08-30
CUST00363,India,2026-08-30
CUST00364,India,2026-08-30
CUST00365,UAE,2026-08-30
CUST00366,India,2026-08-30
CUST00367,Singapore,2026-08-30
CUST00368,UAE,2026-08-30
CUST00369,India,2026-08-30
CUST00370,India,2026-08-30
CUST00371,India,2026-08-30
CUST00372,India,2026-08-30
CUST00373,India,2026-08-30
CUST00374,United Kingdom,2026-08-30
CUST00375,India,2026-08-30
CUST00376,India,2026-08-30
CUST00377,Germany,2026-08-30
CUST00378,India,2026-08-30
CUST00379,United States,2026-08-30
CUST00380,India,2026-08-30
CUST00381,India,2026-08-30
CUST00382,United Kingdom,2026-08-30
CUST00383,United Kingdom,2026-08-30
CUST00384,Germany,2026-08-30
CUST00385,United States,2026-08-30
CUST00386,United States,2026-08-30
CUST00387,India,2026-08-30
CUST00388,India,2026-08-30
CUST00389,United States,2026-08-30
CUST00390,United States,2026-08-30
CUST00391,Singapore,2026-08-30
CUST00392,India,2026-08-30
CUST00393,India,2026-08-30
CUST00394,United States,2026-08-30
CUST00395,India,2026-08-30
CUST00396,UAE,2026-08-30
CUST00397,Germany,2026-08-30
CUST00398,India,2026-08-30
CUST00399,United States,2026-08-30
CUST00400,United States,2026-08-30
CUST00401,India,2026-08-30
CUST00402,UAE,2026-08-30
CUST00403,India,2026-08-30
CUST00404,Germany,2026-08-30
CUST00405,India,2026-08-30
CUST00406,Germany,2026-08-30
CUST00407,India,2026-08-30
CUST00408,India,2026-08-30
CUST00409,UAE,2026-08-30
CUST00410,India,2026-08-30
CUST00411,India,2026-08-30
CUST00412,UAE,2026-08-30
CUST00413,UAE,2026-08-30
CUST00414,United Kingdom,2026-08-30
CUST00415,United Kingdom,2026-08-30
CUST00416,India,2026-08-30
CUST00417,India,2026-08-30
CUST00418,India,2026-08-30
CUST00419,United Kingdom,2026-08-30
CUST00420,United States,2026-08-30
CUST00421,United States,2026-08-30
CUST00422,United States,2026-08-30
CUST00423,India,2026-08-30
CUST00424,India,2026-08-30
CUST00425,India,2026-08-30
CUST00426,India,2026-08-30
CUST00427,India,2026-08-30
CUST00428,Germany,2026-08-30
CUST00429,India,2026-08-30
CUST00430,India,2026-08-30
CUST00431,India,2026-08-30
CUST00432,United States,2026-08-30
CUST00433,United Kingdom,2026-08-30
CUST00434,India,2026-08-30
CUST00435,India,2026-08-30
CUST00436,United States,2026-08-30
CUST00437,India,2026-08-30
CUST00438,Germany,2026-08-30
CUST00439,United States,2026-08-30
CUST00440,India,2026-08-30
CUST00441,India,2026-08-30
CUST00442,Singapore,2026-08-30
CUST00443,India,2026-08-30
CUST00444,India,2026-08-30
CUST00445,United States,2026-08-30
CUST00446,UAE,2026-08-30
CUST00447,Singapore,2026-08-30
CUST00448,United States,2026-08-30
CUST00449,India,2026-08-30
CUST00450,India,2026-08-30
CUST00451,United States,2026-08-30
CUST00452,United Kingdom,2026-08-30
CUST00453,India,2026-08-30
CUST00454,UAE,2026-08-30
CUST00455,India,2026-08-30
CUST00456,India,2026-08-30
CUST00457,India,2026-08-30
CUST00458,India,2026-08-30
CUST00459,India,2026-08-30
CUST00460,India,2026-08-30
CUST00461,India,2026-08-30
CUST00462,United Kingdom,2026-08-30
CUST00463,United States,2026-08-30
CUST00464,United Kingdom,2026-08-30
CUST00465,Singapore,2026-08-30
CUST00466,India,2026-08-30
CUST00467,India,2026-08-30
CUST00468,Germany,2026-08-30
CUST00469,India,2026-08-30
CUST00470,Singapore,2026-08-30
CUST00471,India,2026-08-30
CUST00472,Singapore,2026-08-30
CUST00473,India,2026-08-30
CUST00474,Germany,2026-08-30
CUST00475,India,2026-08-30
CUST00476,Singapore,2026-08-30
CUST00477,India,2026-08-30
CUST00478,United Kingdom,2026-08-30
CUST00479,Singapore,2026-08-30
CUST00480,India,2026-08-30
CUST00481,United Kingdom,2026-08-30
CUST00482,United Kingdom,2026-08-30
CUST00483,India,2026-08-30
CUST00484,United Kingdom,2026-08-30
CUST00485,United Kingdom,2026-08-30
CUST00486,UAE,2026-08-30
CUST00487,India,2026-08-30
CUST00488,India,2026-08-30
CUST00489,UAE,2026-08-30
CUST00490,Germany,2026-08-30
CUST00491,India,2026-08-30
CUST00492,United Kingdom,2026-08-30
CUST00493,India,2026-08-30
CUST00494,India,2026-08-30
CUST00495,India,2026-08-30
CUST00496,India,2026-08-30
CUST00497,United Kingdom,2026-08-30
CUST00498,India,2026-08-30
CUST00499,Singapore,2026-08-30
CUST00500,Singapore,2026-08-30
CUST00501,United Kingdom,2026-08-30
CUST00502,India,2026-08-30
CUST00503,India,2026-08-30
CUST00504,United States,2026-08-30
CUST00505,United Kingdom,2026-08-30
CUST00506,India,2026-08-30
CUST00507,UAE,2026-08-30
CUST00508,Germany,2026-08-30
CUST00509,UAE,2026-08-30
CUST00510,United States,2026-08-30
CUST00511,United Kingdom,2026-08-30
CUST00512,India,2026-08-30
CUST00513,UAE,2026-08-30
CUST00514,Germany,2026-08-30
CUST00515,India,2026-08-30
CUST00516,India,2026-08-30
CUST00517,India,2026-08-30
CUST00518,United States,2026-08-30
CUST00519,Singapore,2026-08-30
CUST00520,India,2026-08-30
CUST00521,United Kingdom,2026-08-30
CUST00522,India,2026-08-30
CUST00523,Singapore,2026-08-30
CUST00524,Germany,2026-08-30
CUST00525,Germany,2026-08-30
CUST00526,India,2026-08-30
CUST00527,India,2026-08-30
CUST00528,India,2026-08-30
CUST00529,India,2026-08-30
CUST00530,Germany,2026-08-30
CUST00531,United States,2026-08-30
CUST00532,Singapore,2026-08-30
CUST00533,Singapore,2026-08-30
CUST00534,United Kingdom,2026-08-30
CUST00535,United States,2026-08-30
CUST00536,UAE,2026-08-30
CUST00537,Germany,2026-08-30
CUST00538,India,2026-08-30
CUST00539,India,2026-08-30
CUST00540,India,2026-08-30
CUST00541,UAE,2026-08-30
CUST00542,United Kingdom,2026-08-30
CUST00543,India,2026-08-30
CUST00544,United Kingdom,2026-08-30
CUST00545,United Kingdom,2026-08-30
CUST00546,India,2026-08-30
CUST00547,India,2026-08-30
CUST00548,United Kingdom,2026-08-30
CUST00549,India,2026-08-30
CUST00550,United States,2026-08-30
CUST00551,India,2026-08-30
CUST00552,Germany,2026-08-30
CUST00553,United Kingdom,2026-08-30
CUST00554,United Kingdom,2026-08-30
CUST00555,Germany,2026-08-30
CUST00556,India,2026-08-30
CUST00557,India,2026-08-30
CUST00558,India,2026-08-30
CUST00559,United States,2026-08-30
CUST00560,United Kingdom,2026-08-30
CUST00561,United States,2026-08-30
CUST00562,India,2026-08-30
CUST00563,India,2026-08-30
CUST00564,India,2026-08-30
CUST00565,India,2026-08-30
CUST00566,United Kingdom,2026-08-30
CUST00567,India,2026-08-30
CUST00568,India,2026-08-30
CUST00569,UAE,2026-08-30
CUST00570,India,2026-08-30
CUST00571,India,2026-08-30
CUST00572,United States,2026-08-30
CUST00573,India,2026-08-30
CUST00574,United Kingdom,2026-08-30
CUST00575,Germany,2026-08-30
CUST00576,UAE,2026-08-30
CUST00577,India,2026-08-30
CUST00578,UAE,2026-08-30
CUST00579,India,2026-08-30
CUST00580,India,2026-08-30
CUST00581,India,2026-08-30
CUST00582,Singapore,2026-08-30
CUST00583,India,2026-08-30
CUST00584,India,2026-08-30
CUST00585,United Kingdom,2026-08-30
CUST00586,India,2026-08-30
CUST00587,India,2026-08-30
CUST00588,India,2026-08-30
CUST00589,India,2026-08-30
CUST00590,India,2026-08-30
CUST00591,India,2026-08-30
CUST00592,United Kingdom,2026-08-30
CUST00593,India,2026-08-30
CUST00594,India,2026-08-30
CUST00595,Germany,2026-08-30
CUST00596,India,2026-08-30
CUST00597,United Kingdom,2026-08-30
CUST00598,India,2026-08-30
CUST00599,India,2026-08-30
CUST00600,India,2026-08-30
CUST00601,India,2026-08-30
CUST00602,India,2026-08-30
CUST00603,India,2026-08-30
CUST00604,India,2026-08-30
CUST00605,India,2026-08-30
CUST00606,India,2026-08-30
CUST00607,India,2026-08-30
CUST00608,India,2026-08-30
CUST00609,India,2026-08-30
CUST00610,United Kingdom,2026-08-30
CUST00611,India,2026-08-30
CUST00612,United States,2026-08-30
CUST00613,United Kingdom,2026-08-30
CUST00614,India,2026-08-30
CUST00615,Germany,2026-08-30
CUST00616,UAE,2026-08-30
CUST00617,India,2026-08-30
CUST00618,India,2026-08-30
CUST00619,United States,2026-08-30
CUST00620,United States,2026-08-30
CUST00621,India,2026-08-30
CUST00622,India,2026-08-30
CUST00623,India,2026-08-30
CUST00624,India,2026-08-30
CUST00625,United Kingdom,2026-08-30
CUST00626,India,2026-08-30
CUST00627,India,2026-08-30
CUST00628,United States,2026-08-30
CUST00629,India,2026-08-30
CUST00630,India,2026-08-30
CUST00631,United States,2026-08-30
CUST00632,Germany,2026-08-30
CUST00633,India,2026-08-30
CUST00634,India,2026-08-30
CUST00635,India,2026-08-30
CUST00636,India,2026-08-30
CUST00637,India,2026-08-30
CUST00638,India,2026-08-30
CUST00639,India,2026-08-30
CUST00640,India,2026-08-30
CUST00641,India,2026-08-30
CUST00642,India,2026-08-30
CUST00643,India,2026-08-30
CUST00644,India,2026-08-30
CUST00645,India,2026-08-30
CUST00646,Germany,2026-08-30
CUST00647,United Kingdom,2026-08-30
CUST00648,United Kingdom,2026-08-30
CUST00649,United States,2026-08-30
CUST00650,India,2026-08-30
CUST00651,India,2026-08-30
CUST00652,India,2026-08-30
CUST00653,United Kingdom,2026-08-30
CUST00654,United States,2026-08-30
CUST00655,India,2026-08-30
CUST00656,India,2026-08-30
CUST00657,India,2026-08-30
CUST00658,India,2026-08-30
CUST00659,United Kingdom,2026-08-30
CUST00660,United Kingdom,2026-08-30
CUST00661,India,2026-08-30
CUST00662,Singapore,2026-08-30
CUST00663,United Kingdom,2026-08-30
CUST00664,India,2026-08-30
CUST00665,India,2026-08-30
CUST00666,India,2026-08-30
CUST00667,India,2026-08-30
CUST00668,India,2026-08-30
CUST00669,India,2026-08-30
CUST00670,India,2026-08-30
CUST00671,India,2026-08-30
CUST00672,Germany,2026-08-30
CUST00673,India,2026-08-30
CUST00674,India,2026-08-30
CUST00675,India,2026-08-30
CUST00676,Singapore,2026-08-30
CUST00677,India,2026-08-30
CUST00678,India,2026-08-30
CUST00679,Singapore,2026-08-30
CUST00680,Germany,2026-08-30
CUST00681,United States,2026-08-30
CUST00682,India,2026-08-30
CUST00683,India,2026-08-30
CUST00684,United Kingdom,2026-08-30
CUST00685,UAE,2026-08-30
CUST00686,United Kingdom,2026-08-30
CUST00687,United Kingdom,2026-08-30
CUST00688,India,2026-08-30
CUST00689,United States,2026-08-30
CUST00690,India,2026-08-30
CUST00691,India,2026-08-30
CUST00692,India,2026-08-30
CUST00693,India,2026-08-30
CUST00694,India,2026-08-30
CUST00695,India,2026-08-30
CUST00696,United Kingdom,2026-08-30
CUST00697,India,2026-08-30
CUST00698,United Kingdom,2026-08-30
CUST00699,India,2026-08-30
CUST00700,India,2026-08-30
CUST00701,India,2026-08-30
CUST00702,India,2026-08-30
CUST00703,India,2026-08-30
CUST00704,India,2026-08-30
CUST00705,India,2026-08-30
CUST00706,Singapore,2026-08-30
CUST00707,India,2026-08-30
CUST00708,United States,2026-08-30
CUST00709,India,2026-08-30
CUST00710,United Kingdom,2026-08-30
CUST00711,United States,2026-08-30
CUST00712,United Kingdom,2026-08-30
CUST00713,India,2026-08-30
CUST00714,India,2026-08-30
CUST00715,India,2026-08-30
CUST00716,UAE,2026-08-30
CUST00717,Germany,2026-08-30
CUST00718,Singapore,2026-08-30
CUST00719,India,2026-08-30
CUST00720,United States,2026-08-30
CUST00721,UAE,2026-08-30
CUST00722,India,2026-08-30
CUST00723,India,2026-08-30
CUST00724,United States,2026-08-30
CUST00725,United Kingdom,2026-08-30
CUST00726,Germany,2026-08-30
CUST00727,India,2026-08-30
CUST00728,United States,2026-08-30
CUST00729,India,2026-08-30
CUST00730,India,2026-08-30
CUST00731,India,2026-08-30
CUST00732,United States,2026-08-30
CUST00733,United Kingdom,2026-08-30
CUST00734,India,2026-08-30
CUST00735,India,2026-08-30
CUST00736,Germany,2026-08-30
CUST00737,India,2026-08-30
CUST00738,United States,2026-08-30
CUST00739,India,2026-08-30
CUST00740,India,2026-08-30
CUST00741,India,2026-08-30
CUST00742,India,2026-08-30
CUST00743,United States,2026-08-30
CUST00744,India,2026-08-30
CUST00745,India,2026-08-30
CUST00746,Germany,2026-08-30
CUST00747,India,2026-08-30
CUST00748,India,2026-08-30
CUST00749,UAE,2026-08-30
CUST00750,United Kingdom,2026-08-30
CUST00751,India,2026-08-30
CUST00752,UAE,2026-08-30
CUST00753,United Kingdom,2026-08-30
CUST00754,India,2026-08-30
CUST00755,India,2026-08-30
CUST00756,United States,2026-08-30
CUST00757,United Kingdom,2026-08-30
CUST00758,India,2026-08-30
CUST00759,Germany,2026-08-30
CUST00760,United States,2026-08-30
CUST00761,India,2026-08-30
CUST00762,India,2026-08-30
CUST00763,India,2026-08-30
CUST00764,United States,2026-08-30
CUST00765,India,2026-08-30
CUST00766,United Kingdom,2026-08-30
CUST00767,United States,2026-08-30
CUST00768,Germany,2026-08-30
CUST00769,India,2026-08-30
CUST00770,Germany,2026-08-30
CUST00771,India,2026-08-30
CUST00772,Germany,2026-08-30
CUST00773,India,2026-08-30
CUST00774,India,2026-08-30
CUST00775,United States,2026-08-30
CUST00776,India,2026-08-30
CUST00777,India,2026-08-30
CUST00778,United States,2026-08-30
CUST00779,United States,2026-08-30
CUST00780,United Kingdom,2026-08-30
CUST00781,United Kingdom,2026-08-30
CUST00782,India,2026-08-30
CUST00783,India,2026-08-30
CUST00784,India,2026-08-30
CUST00785,India,2026-08-30
CUST00786,UAE,2026-08-30
CUST00787,United Kingdom,2026-08-30
CUST00788,India,2026-08-30
CUST00789,India,2026-08-30
CUST00790,UAE,2026-08-30
CUST00791,India,2026-08-30
CUST00792,United Kingdom,2026-08-30
CUST00793,India,2026-08-30
CUST00794,United Kingdom,2026-08-30
CUST00795,India,2026-08-30
CUST00796,Germany,2026-08-30
CUST00797,UAE,2026-08-30
CUST00798,United Kingdom,2026-08-30
CUST00799,United Kingdom,2026-08-30
CUST00800,UAE,2026-08-30
CUST00801,United States,2026-08-30
CUST00802,India,2026-08-30
CUST00803,United Kingdom,2026-08-30
CUST00804,United Kingdom,2026-08-30
CUST00805,India,2026-08-30
CUST00806,United States,2026-08-30
CUST00807,UAE,2026-08-30
CUST00808,UAE,2026-08-30
CUST00809,India,2026-08-30
CUST00810,India,2026-08-30
CUST00811,Singapore,2026-08-30
CUST00812,Germany,2026-08-30
CUST00813,India,2026-08-30
CUST00814,UAE,2026-08-30
CUST00815,Germany,2026-08-30
CUST00816,India,2026-08-30
CUST00817,United Kingdom,2026-08-30
CUST00818,India,2026-08-30
CUST00819,India,2026-08-30
CUST00820,India,2026-08-30
CUST00821,United States,2026-08-30
CUST00822,India,2026-08-30
CUST00823,India,2026-08-30
CUST00824,India,2026-08-30
CUST00825,India,2026-08-30
CUST00826,UAE,2026-08-30
CUST00827,India,2026-08-30
CUST00828,India,2026-08-30
CUST00829,United States,2026-08-30
CUST00830,India,2026-08-30
CUST00831,India,2026-08-30
CUST00832,India,2026-08-30
CUST00833,India,2026-08-30
CUST00834,India,2026-08-30
CUST00835,India,2026-08-30
CUST00836,India,2026-08-30
CUST00837,UAE,2026-08-30
CUST00838,India,2026-08-30
CUST00839,United Kingdom,2026-08-30
CUST00840,United Kingdom,2026-08-30
CUST00841,India,2026-08-30
CUST00842,United Kingdom,2026-08-30
CUST00843,India,2026-08-30
CUST00844,Singapore,2026-08-30
CUST00845,India,2026-08-30
CUST00846,India,2026-08-30
CUST00847,India,2026-08-30
CUST00848,Singapore,2026-08-30
CUST00849,India,2026-08-30
CUST00850,United Kingdom,2026-08-30
