CustomerID,Recency,Frequency,Monetary,R_Score,F_Score,M_Score,RFM_Score,RFM_Total,Segment
CUST00001,63,2,17762.54,4,3,3,433,10,Loyal Customers
CUST00002,5,1,5911.62,5,1,2,512,8,Recent Customers
CUST00003,146,1,4724.24,3,1,1,311,5,Needs Attention
CUST00004,111,1,11023.18,4,1,3,413,8,Recent Customers
CUST00005,185,3,12549.539999999999,3,4,3,343,10,Potential Loyalists
CUST00006,47,5,36044.1,5,5,5,555,15,Champions
CUST00007,10,5,44746.6,5,5,5,555,15,Champions
CUST00008,18,1,5464.549999999999,5,1,1,511,7,Recent Customers
CUST00009,132,2,4917.53,3,3,1,331,7,Potential Loyalists
CUST00010,164,1,13813.45,3,1,3,313,7,Needs Attention
CUST00011,151,1,687.3,3,1,1,311,5,Needs Attention
CUST00012,12,7,82042.9,5,5,5,555,15,Champions
CUST00013,473,1,6184.040000000001,1,1,2,112,4,Hibernating / Lost
CUST00014,520,1,9062.84,1,1,2,112,4,Hibernating / Lost
CUST00015,254,1,4525.22,2,1,1,211,4,Hibernating / Lost
CUST00016,168,1,200.01999999999998,3,1,1,311,5,Needs Attention
CUST00017,223,1,5607.91,2,1,2,212,5,Hibernating / Lost
CUST00018,445,2,12498.119999999999,1,3,3,133,7,At Risk
CUST00019,391,1,4714.25,1,1,1,111,3,Hibernating / Lost
CUST00020,22,7,56598.85,5,5,5,555,15,Champions
CUST00021,178,4,39342.5,3,4,5,345,12,Potential Loyalists
CUST00022,326,1,12372.119999999999,2,1,3,213,6,Needs Attention
CUST00023,105,1,1656.2,4,1,1,411,6,Recent Customers
CUST00024,293,1,1958.91,2,1,1,211,4,Hibernating / Lost
CUST00025,133,2,20738.29,3,3,4,334,10,Potential Loyalists
CUST00026,470,1,20416.72,1,1,4,114,6,Needs Attention
CUST00027,23,2,20056.16,5,3,4,534,12,Loyal Customers
CUST00028,70,1,9248.45,4,1,2,412,7,Recent Customers
CUST00029,213,2,20114.149999999998,2,3,4,234,9,At Risk
CUST00030,97,1,4500.26,4,1,1,411,6,Recent Customers
CUST00031,383,1,7211.0599999999995,1,1,2,112,4,Hibernating / Lost
CUST00032,7,11,84854.76,5,5,5,555,15,Champions
CUST00033,29,3,10573.17,5,4,2,542,11,Loyal Customers
CUST00034,419,1,16577.920000000002,1,1,3,113,5,Needs Attention
CUST00035,227,6,28491.239999999998,2,5,4,254,11,At Risk (High Value)
CUST00036,400,2,12672.43,1,3,3,133,7,At Risk
CUST00037,6,7,63977.380000000005,5,5,5,555,15,Champions
CUST00038,475,4,32939.29,1,4,4,144,9,At Risk (High Value)
CUST00039,160,1,6983.97,3,1,2,312,6,Needs Attention
CUST00040,274,1,7754.02,2,1,2,212,5,Hibernating / Lost
CUST00041,287,1,10448.8,2,1,2,212,5,Hibernating / Lost
CUST00042,345,2,21970.11,1,3,4,134,8,At Risk
CUST00043,363,2,16998.77,1,3,3,133,7,At Risk
CUST00044,218,1,12375.95,2,1,3,213,6,Needs Attention
CUST00045,155,1,6667.86,3,1,2,312,6,Needs Attention
CUST00046,179,5,26408.9,3,5,4,354,12,Potential Loyalists
CUST00047,12,25,257139.24000000002,5,5,5,555,15,Champions
CUST00048,211,2,8746.86,2,3,2,232,7,At Risk
CUST00049,170,1,1074.08,3,1,1,311,5,Needs Attention
CUST00050,479,1,2294.21,1,1,1,111,3,Hibernating / Lost
CUST00051,444,1,10884.42,1,1,2,112,4,Hibernating / Lost
CUST00052,77,8,59170.520000000004,4,5,5,455,14,Champions
CUST00053,518,1,6363.73,1,1,2,112,4,Hibernating / Lost
CUST00054,114,1,203.19,4,1,1,411,6,Recent Customers
CUST00055,460,1,16004.35,1,1,3,113,5,Needs Attention
CUST00056,46,2,6980.77,5,3,2,532,10,Loyal Customers
CUST00057,156,2,34637.6,3,3,4,334,10,Potential Loyalists
CUST00058,15,5,22780.4,5,5,4,554,14,Champions
CUST00059,498,1,1909.3200000000002,1,1,1,111,3,Hibernating / Lost
CUST00060,231,1,3664.5099999999998,2,1,1,211,4,Hibernating / Lost
CUST00061,261,1,9587.34,2,1,2,212,5,Hibernating / Lost
CUST00062,61,7,44721.75,4,5,5,455,14,Champions
CUST00063,126,6,49879.09,3,5,5,355,13,Potential Loyalists
CUST00064,421,2,8427.59,1,3,2,132,6,At Risk
CUST00065,68,2,20013.18,4,3,4,434,11,Loyal Customers
CUST00066,67,2,22259.88,4,3,4,434,11,Loyal Customers
CUST00067,191,1,4173.92,3,1,1,311,5,Needs Attention
CUST00068,112,7,45730.409999999996,4,5,5,455,14,Champions
CUST00069,273,1,7215.53,2,1,2,212,5,Hibernating / Lost
CUST00070,318,1,6517.76,2,1,2,212,5,Hibernating / Lost
CUST00071,112,2,10086.8,4,3,2,432,9,Loyal Customers
CUST00072,397,1,5430.4400000000005,1,1,1,111,3,Hibernating / Lost
CUST00073,534,1,2672.71,1,1,1,111,3,Hibernating / Lost
CUST00074,238,3,27734.72,2,4,4,244,10,At Risk (High Value)
CUST00075,277,1,12693.75,2,1,3,213,6,Needs Attention
CUST00076,154,2,18288.77,3,3,3,333,9,Potential Loyalists
CUST00077,487,1,3149.13,1,1,1,111,3,Hibernating / Lost
CUST00078,217,1,3379.52,2,1,1,211,4,Hibernating / Lost
CUST00079,520,1,9969.59,1,1,2,112,4,Hibernating / Lost
CUST00080,171,1,4056.07,3,1,1,311,5,Needs Attention
CUST00081,103,3,31726.09,4,4,4,444,12,Champions
CUST00082,252,1,5600.9400000000005,2,1,2,212,5,Hibernating / Lost
CUST00083,242,2,10375.75,2,3,2,232,7,At Risk
CUST00084,11,1,3065.9799999999996,5,1,1,511,7,Recent Customers
CUST00085,66,2,29740.8,4,3,4,434,11,Loyal Customers
CUST00086,41,10,63680.49,5,5,5,555,15,Champions
CUST00087,3,3,45850.13,5,4,5,545,14,Champions
CUST00088,471,1,16662.24,1,1,3,113,5,Needs Attention
CUST00089,231,1,6342.39,2,1,2,212,5,Hibernating / Lost
CUST00090,3,1,2534.96,5,1,1,511,7,Recent Customers
CUST00091,94,2,8481.09,4,3,2,432,9,Loyal Customers
CUST00092,149,1,2357.0600000000004,3,1,1,311,5,Needs Attention
CUST00093,32,2,12574.9,5,3,3,533,11,Loyal Customers
CUST00094,21,2,9209.07,5,3,2,532,10,Loyal Customers
CUST00095,215,1,13460.91,2,1,3,213,6,Needs Attention
CUST00096,279,4,39665.729999999996,2,4,5,245,11,At Risk (High Value)
CUST00097,521,1,13619.4,1,1,3,113,5,Needs Attention
CUST00098,265,1,19304.539999999997,2,1,4,214,7,Needs Attention
CUST00099,104,3,16648.39,4,4,3,443,11,Loyal Customers
CUST00100,10,2,16012.56,5,3,3,533,11,Loyal Customers
CUST00101,271,3,34034.88,2,4,4,244,10,At Risk (High Value)
CUST00102,110,1,2800.8599999999997,4,1,1,411,6,Recent Customers
CUST00103,287,1,6005.09,2,1,2,212,5,Hibernating / Lost
CUST00104,16,4,50467.76,5,4,5,545,14,Champions
CUST00105,24,4,32637.07,5,4,4,544,13,Champions
CUST00106,83,3,27016.65,4,4,4,444,12,Champions
CUST00107,523,1,2461.56,1,1,1,111,3,Hibernating / Lost
CUST00108,116,2,32781.76,4,3,4,434,11,Loyal Customers
CUST00109,57,1,5987.92,4,1,2,412,7,Recent Customers
CUST00110,538,1,15952.13,1,1,3,113,5,Needs Attention
CUST00111,162,8,41655.19,3,5,5,355,13,Potential Loyalists
CUST00112,330,1,8840.55,2,1,2,212,5,Hibernating / Lost
CUST00113,21,12,119330.23,5,5,5,555,15,Champions
CUST00114,316,1,2814.55,2,1,1,211,4,Hibernating / Lost
CUST00115,156,1,1080.32,3,1,1,311,5,Needs Attention
CUST00116,308,2,17752.96,2,3,3,233,8,At Risk
CUST00117,179,6,52449.7,3,5,5,355,13,Potential Loyalists
CUST00118,55,3,19134.44,4,4,3,443,11,Loyal Customers
CUST00119,124,4,38678.71,3,4,5,345,12,Potential Loyalists
CUST00120,491,2,14717.06,1,3,3,133,7,At Risk
CUST00121,91,3,11071.76,4,4,3,443,11,Loyal Customers
CUST00122,93,5,38615.08,4,5,5,455,14,Champions
CUST00123,57,1,1308.83,4,1,1,411,6,Recent Customers
CUST00124,55,2,35703.66,4,3,4,434,11,Loyal Customers
CUST00125,517,1,6388.28,1,1,2,112,4,Hibernating / Lost
CUST00126,3,30,180742.57,5,5,5,555,15,Champions
CUST00127,154,11,66852.49,3,5,5,355,13,Potential Loyalists
CUST00128,58,1,9319.849999999999,4,1,2,412,7,Recent Customers
CUST00129,74,3,30706.99,4,4,4,444,12,Champions
CUST00130,148,9,64897.86,3,5,5,355,13,Potential Loyalists
CUST00131,209,1,18075.06,2,1,3,213,6,Needs Attention
CUST00132,71,2,13806.02,4,3,3,433,10,Loyal Customers
CUST00133,4,8,49460.09,5,5,5,555,15,Champions
CUST00134,452,1,203.19,1,1,1,111,3,Hibernating / Lost
CUST00135,327,3,8803.65,2,4,2,242,8,At Risk
CUST00136,160,1,1401.58,3,1,1,311,5,Needs Attention
CUST00137,33,9,67029.49,5,5,5,555,15,Champions
CUST00138,16,17,152146.87,5,5,5,555,15,Champions
CUST00139,97,10,124853.74,4,5,5,455,14,Champions
CUST00140,5,1,17672.94,5,1,3,513,9,Recent Customers
CUST00141,152,5,57461.31,3,5,5,355,13,Potential Loyalists
CUST00142,130,5,37237.32,3,5,5,355,13,Potential Loyalists
CUST00143,472,1,23083.06,1,1,4,114,6,Needs Attention
CUST00144,29,5,46942.62,5,5,5,555,15,Champions
CUST00145,115,1,11623.24,4,1,3,413,8,Recent Customers
CUST00146,325,2,19206.05,2,3,3,233,8,At Risk
CUST00147,374,1,9628.26,1,1,2,112,4,Hibernating / Lost
CUST00148,257,1,9922.89,2,1,2,212,5,Hibernating / Lost
CUST00149,392,1,14046.93,1,1,3,113,5,Needs Attention
CUST00150,298,3,20949.71,2,4,4,244,10,At Risk (High Value)
CUST00151,282,1,25617.24,2,1,4,214,7,Needs Attention
CUST00152,56,3,19907.59,4,4,4,444,12,Champions
CUST00153,84,1,15465.24,4,1,3,413,8,Recent Customers
CUST00154,161,1,13769.439999999999,3,1,3,313,7,Needs Attention
CUST00155,230,2,30060.33,2,3,4,234,9,At Risk
CUST00156,67,4,23296.6,4,4,4,444,12,Champions
CUST00157,401,1,7168.860000000001,1,1,2,112,4,Hibernating / Lost
CUST00158,41,2,36528.02,5,3,5,535,13,Loyal Customers
CUST00159,68,6,52975.77,4,5,5,455,14,Champions
CUST00160,188,2,27071.769999999997,3,3,4,334,10,Potential Loyalists
CUST00161,324,1,1048.3,2,1,1,211,4,Hibernating / Lost
CUST00162,237,1,4233.02,2,1,1,211,4,Hibernating / Lost
CUST00163,91,6,53230.13,4,5,5,455,14,Champions
CUST00164,328,1,11788.38,2,1,3,213,6,Needs Attention
CUST00165,79,6,111390.7,4,5,5,455,14,Champions
CUST00166,255,2,13850.43,2,3,3,233,8,At Risk
CUST00167,12,10,58207.47,5,5,5,555,15,Champions
CUST00168,57,3,19681.61,4,4,4,444,12,Champions
CUST00169,22,45,402606.51,5,5,5,555,15,Champions
CUST00170,188,1,10005.4,3,1,2,312,6,Needs Attention
CUST00171,112,3,25540.04,4,4,4,444,12,Champions
CUST00172,397,1,16014.529999999999,1,1,3,113,5,Needs Attention
CUST00173,34,2,11529.11,5,3,3,533,11,Loyal Customers
CUST00174,241,2,7108.04,2,3,2,232,7,At Risk
CUST00175,32,6,53383.61,5,5,5,555,15,Champions
CUST00176,15,25,179667.2,5,5,5,555,15,Champions
CUST00177,107,3,7745.77,4,4,2,442,10,Loyal Customers
CUST00178,372,1,6480.61,1,1,2,112,4,Hibernating / Lost
CUST00179,299,1,3205.65,2,1,1,211,4,Hibernating / Lost
CUST00180,169,3,38060.17,3,4,5,345,12,Potential Loyalists
CUST00181,409,1,1705.84,1,1,1,111,3,Hibernating / Lost
CUST00182,252,1,9799.76,2,1,2,212,5,Hibernating / Lost
CUST00183,414,1,3043.4899999999993,1,1,1,111,3,Hibernating / Lost
CUST00184,228,1,8215.9,2,1,2,212,5,Hibernating / Lost
CUST00185,32,1,6089.0599999999995,5,1,2,512,8,Recent Customers
CUST00186,43,1,6900.08,5,1,2,512,8,Recent Customers
CUST00187,175,1,21000.13,3,1,4,314,8,Needs Attention
CUST00188,344,1,6560.96,2,1,2,212,5,Hibernating / Lost
CUST00189,21,29,219453.7,5,5,5,555,15,Champions
CUST00190,448,1,9775.59,1,1,2,112,4,Hibernating / Lost
CUST00191,386,1,4184.95,1,1,1,111,3,Hibernating / Lost
CUST00192,36,3,23665.690000000002,5,4,4,544,13,Champions
CUST00193,346,1,3589.5200000000004,1,1,1,111,3,Hibernating / Lost
CUST00194,18,11,57377.07,5,5,5,555,15,Champions
CUST00195,159,4,34401.84,3,4,4,344,11,Potential Loyalists
CUST00196,414,1,4945.98,1,1,1,111,3,Hibernating / Lost
CUST00198,108,6,54279.840000000004,4,5,5,455,14,Champions
CUST00199,96,11,78925.37,4,5,5,455,14,Champions
CUST00200,388,1,3823.83,1,1,1,111,3,Hibernating / Lost
CUST00201,129,2,13946.35,3,3,3,333,9,Potential Loyalists
CUST00202,286,1,3034.7,2,1,1,211,4,Hibernating / Lost
CUST00203,11,35,307750.46,5,5,5,555,15,Champions
CUST00204,197,1,10874.44,3,1,2,312,6,Needs Attention
CUST00205,6,9,66046.57,5,5,5,555,15,Champions
CUST00206,310,2,12753.15,2,3,3,233,8,At Risk
CUST00207,55,2,11841.2,4,3,3,433,10,Loyal Customers
CUST00208,384,2,20513.82,1,3,4,134,8,At Risk
CUST00209,233,1,15722.58,2,1,3,213,6,Needs Attention
CUST00210,127,1,19019.64,3,1,3,313,7,Needs Attention
CUST00211,264,1,5249.64,2,1,1,211,4,Hibernating / Lost
CUST00212,473,1,3074.83,1,1,1,111,3,Hibernating / Lost
CUST00213,269,4,15082.06,2,4,3,243,9,At Risk
CUST00214,75,1,4950.65,4,1,1,411,6,Recent Customers
CUST00215,134,1,15546.43,3,1,3,313,7,Needs Attention
CUST00216,39,16,83126.95,5,5,5,555,15,Champions
CUST00217,50,6,67123.74,4,5,5,455,14,Champions
CUST00218,27,9,108820.53,5,5,5,555,15,Champions
CUST00219,8,45,289603.1,5,5,5,555,15,Champions
CUST00220,512,1,338.65,1,1,1,111,3,Hibernating / Lost
CUST00221,247,1,12841.18,2,1,3,213,6,Needs Attention
CUST00222,255,3,22631.420000000002,2,4,4,244,10,At Risk (High Value)
CUST00223,137,3,32095.170000000002,3,4,4,344,11,Potential Loyalists
CUST00224,116,1,7672.360000000001,4,1,2,412,7,Recent Customers
CUST00225,99,4,43501.9,4,4,5,445,13,Champions
CUST00226,522,1,15914.85,1,1,3,113,5,Needs Attention
CUST00227,160,1,15211.97,3,1,3,313,7,Needs Attention
CUST00228,141,2,7558.6,3,3,2,332,8,Potential Loyalists
CUST00229,152,2,2920.64,3,3,1,331,7,Potential Loyalists
CUST00230,4,2,18784.489999999998,5,3,3,533,11,Loyal Customers
CUST00231,127,1,6517.25,3,1,2,312,6,Needs Attention
CUST00232,1,6,60984.74,5,5,5,555,15,Champions
CUST00233,518,1,12643.31,1,1,3,113,5,Needs Attention
CUST00234,357,1,9065.93,1,1,2,112,4,Hibernating / Lost
CUST00235,196,6,60903.579999999994,3,5,5,355,13,Potential Loyalists
CUST00236,16,13,121172.89,5,5,5,555,15,Champions
CUST00237,77,5,49414.76,4,5,5,455,14,Champions
CUST00238,95,4,41960.24,4,4,5,445,13,Champions
CUST00239,187,2,13473.64,3,3,3,333,9,Potential Loyalists
CUST00240,1,2,11434.26,5,3,3,533,11,Loyal Customers
CUST00241,82,1,6079.56,4,1,2,412,7,Recent Customers
CUST00242,272,1,11667.439999999999,2,1,3,213,6,Needs Attention
CUST00243,375,1,733.13,1,1,1,111,3,Hibernating / Lost
CUST00244,376,1,2217.66,1,1,1,111,3,Hibernating / Lost
CUST00245,363,3,34068.89,1,4,4,144,9,At Risk (High Value)
CUST00246,140,2,41200.270000000004,3,3,5,335,11,Potential Loyalists
CUST00247,89,1,6344.5,4,1,2,412,7,Recent Customers
CUST00248,272,1,19715.079999999998,2,1,4,214,7,Needs Attention
CUST00249,22,3,14906.42,5,4,3,543,12,Loyal Customers
CUST00250,468,1,3677.1500000000005,1,1,1,111,3,Hibernating / Lost
CUST00251,80,5,20690.34,4,5,4,454,13,Champions
CUST00252,66,2,20224.96,4,3,4,434,11,Loyal Customers
CUST00253,42,2,28107.72,5,3,4,534,12,Loyal Customers
CUST00254,150,2,24038.66,3,3,4,334,10,Potential Loyalists
CUST00255,144,4,27991.18,3,4,4,344,11,Potential Loyalists
CUST00256,1,1,2010.98,5,1,1,511,7,Recent Customers
CUST00257,30,3,11900.1,5,4,3,543,12,Loyal Customers
CUST00258,46,2,8739.83,5,3,2,532,10,Loyal Customers
CUST00259,481,1,9573.49,1,1,2,112,4,Hibernating / Lost
CUST00260,41,6,58114.19,5,5,5,555,15,Champions
CUST00261,39,4,46587.630000000005,5,4,5,545,14,Champions
CUST00262,433,2,18443.02,1,3,3,133,7,At Risk
CUST00263,72,5,33624.43,4,5,4,454,13,Champions
CUST00264,101,6,39242.66,4,5,5,455,14,Champions
CUST00265,170,3,25778.510000000002,3,4,4,344,11,Potential Loyalists
CUST00266,32,5,63609.15,5,5,5,555,15,Champions
CUST00267,141,3,14463.72,3,4,3,343,10,Potential Loyalists
CUST00268,198,3,29576.71,3,4,4,344,11,Potential Loyalists
CUST00269,103,2,27966.5,4,3,4,434,11,Loyal Customers
CUST00270,241,3,16694.08,2,4,3,243,9,At Risk
CUST00271,217,1,11645.58,2,1,3,213,6,Needs Attention
CUST00272,27,6,27328.62,5,5,4,554,14,Champions
CUST00273,24,6,48232.32,5,5,5,555,15,Champions
CUST00274,455,1,3039.78,1,1,1,111,3,Hibernating / Lost
CUST00275,58,4,28356.31,4,4,4,444,12,Champions
CUST00276,351,1,9346.76,1,1,2,112,4,Hibernating / Lost
CUST00277,404,1,4707.57,1,1,1,111,3,Hibernating / Lost
CUST00278,128,3,25085.45,3,4,4,344,11,Potential Loyalists
CUST00279,322,1,20699.96,2,1,4,214,7,Needs Attention
CUST00280,160,4,29644.42,3,4,4,344,11,Potential Loyalists
CUST00281,209,4,28258.36,2,4,4,244,10,At Risk (High Value)
CUST00282,46,2,35884.54,5,3,5,535,13,Loyal Customers
CUST00283,295,1,2790.09,2,1,1,211,4,Hibernating / Lost
CUST00284,376,1,19084.329999999998,1,1,3,113,5,Needs Attention
CUST00285,190,2,21716.13,3,3,4,334,10,Potential Loyalists
CUST00286,138,21,157884.67,3,5,5,355,13,Potential Loyalists
CUST00287,135,2,17189.54,3,3,3,333,9,Potential Loyalists
CUST00289,116,2,14552.02,4,3,3,433,10,Loyal Customers
CUST00290,104,2,5972.860000000001,4,3,2,432,9,Loyal Customers
CUST00291,86,4,35720.44,4,4,4,444,12,Champions
CUST00292,239,1,805.56,2,1,1,211,4,Hibernating / Lost
CUST00293,145,3,16508.84,3,4,3,343,10,Potential Loyalists
CUST00294,166,2,10858.83,3,3,2,332,8,Potential Loyalists
CUST00295,70,14,142257.78,4,5,5,455,14,Champions
CUST00296,78,1,4139.72,4,1,1,411,6,Recent Customers
CUST00297,43,2,28632.07,5,3,4,534,12,Loyal Customers
CUST00298,130,9,62406.43,3,5,5,355,13,Potential Loyalists
CUST00299,535,1,12571.59,1,1,3,113,5,Needs Attention
CUST00300,1,10,85907.66,5,5,5,555,15,Champions
CUST00301,352,3,21352.77,1,4,4,144,9,At Risk (High Value)
CUST00302,79,1,606.94,4,1,1,411,6,Recent Customers
CUST00303,259,1,10909.630000000001,2,1,2,212,5,Hibernating / Lost
CUST00304,147,2,14990.89,3,3,3,333,9,Potential Loyalists
CUST00305,511,1,7295.879999999999,1,1,2,112,4,Hibernating / Lost
CUST00306,404,2,15408.560000000001,1,3,3,133,7,At Risk
CUST00307,195,1,3034.7,3,1,1,311,5,Needs Attention
CUST00308,148,2,24145.93,3,3,4,334,10,Potential Loyalists
CUST00309,254,1,26852.010000000002,2,1,4,214,7,Needs Attention
CUST00310,172,6,34117.72,3,5,4,354,12,Potential Loyalists
CUST00311,6,18,153409.38,5,5,5,555,15,Champions
CUST00312,12,16,142869.26,5,5,5,555,15,Champions
CUST00313,153,3,31713.660000000003,3,4,4,344,11,Potential Loyalists
CUST00314,253,1,13771.019999999999,2,1,3,213,6,Needs Attention
CUST00315,161,3,34287.43,3,4,4,344,11,Potential Loyalists
CUST00316,318,1,18213.980000000003,2,1,3,213,6,Needs Attention
CUST00317,130,1,805.56,3,1,1,311,5,Needs Attention
CUST00318,235,1,6433.91,2,1,2,212,5,Hibernating / Lost
CUST00319,147,2,13825.5,3,3,3,333,9,Potential Loyalists
CUST00320,274,4,24244.15,2,4,4,244,10,At Risk (High Value)
CUST00321,64,3,37926.62,4,4,5,445,13,Champions
CUST00322,226,1,22573.79,2,1,4,214,7,Needs Attention
CUST00323,150,1,5981.82,3,1,2,312,6,Needs Attention
CUST00324,1,45,386252.09,5,5,5,555,15,Champions
CUST00325,3,1,2950.66,5,1,1,511,7,Recent Customers
CUST00326,371,1,1572.3099999999995,1,1,1,111,3,Hibernating / Lost
CUST00327,263,1,8350.14,2,1,2,212,5,Hibernating / Lost
CUST00328,68,4,46009.799999999996,4,4,5,445,13,Champions
CUST00329,44,3,18981.91,5,4,3,543,12,Loyal Customers
CUST00330,286,1,3058.3599999999997,2,1,1,211,4,Hibernating / Lost
CUST00331,121,1,5123.3099999999995,3,1,1,311,5,Needs Attention
CUST00332,49,3,38765.94,4,4,5,445,13,Champions
CUST00333,96,2,7905.16,4,3,2,432,9,Loyal Customers
CUST00334,151,1,2380.92,3,1,1,311,5,Needs Attention
CUST00335,13,11,69814.99,5,5,5,555,15,Champions
CUST00336,296,1,6933.460000000001,2,1,2,212,5,Hibernating / Lost
CUST00337,152,1,24587.780000000002,3,1,4,314,8,Needs Attention
CUST00338,36,11,83138.2,5,5,5,555,15,Champions
CUST00339,372,1,9557.199999999999,1,1,2,112,4,Hibernating / Lost
CUST00340,10,2,8482.14,5,3,2,532,10,Loyal Customers
CUST00341,115,1,768.52,4,1,1,411,6,Recent Customers
CUST00342,146,1,20842.55,3,1,4,314,8,Needs Attention
CUST00343,58,25,223657.16999999998,4,5,5,455,14,Champions
CUST00344,204,1,7436.530000000001,3,1,2,312,6,Needs Attention
CUST00345,35,7,92477.78,5,5,5,555,15,Champions
CUST00346,131,1,18738.11,3,1,3,313,7,Needs Attention
CUST00347,152,1,923.8900000000001,3,1,1,311,5,Needs Attention
CUST00348,1,1,7149.389999999999,5,1,2,512,8,Recent Customers
CUST00349,201,2,7035.21,3,3,2,332,8,Potential Loyalists
CUST00350,282,1,12072.68,2,1,3,213,6,Needs Attention
CUST00351,123,5,51377.77,3,5,5,355,13,Potential Loyalists
CUST00352,488,1,1960.6,1,1,1,111,3,Hibernating / Lost
CUST00353,86,16,112863.59,4,5,5,455,14,Champions
CUST00354,544,1,431.26,1,1,1,111,3,Hibernating / Lost
CUST00355,41,6,57907.27,5,5,5,555,15,Champions
CUST00356,94,4,28963.03,4,4,4,444,12,Champions
CUST00357,273,4,30779.92,2,4,4,244,10,At Risk (High Value)
CUST00358,8,4,33924.37,5,4,4,544,13,Champions
CUST00359,339,3,27834.170000000002,2,4,4,244,10,At Risk (High Value)
CUST00360,301,2,8983.710000000001,2,3,2,232,7,At Risk
CUST00361,512,1,13764.05,1,1,3,113,5,Needs Attention
CUST00362,237,1,10586.93,2,1,2,212,5,Hibernating / Lost
CUST00363,56,8,42960.22,4,5,5,455,14,Champions
CUST00364,203,2,7791.18,3,3,2,332,8,Potential Loyalists
CUST00365,37,4,25264.63,5,4,4,544,13,Champions
CUST00366,73,2,23896.13,4,3,4,434,11,Loyal Customers
CUST00367,49,1,11883.05,4,1,3,413,8,Recent Customers
CUST00368,509,1,1250.39,1,1,1,111,3,Hibernating / Lost
CUST00369,258,3,29745.59,2,4,4,244,10,At Risk (High Value)
CUST00370,112,1,4944.47,4,1,1,411,6,Recent Customers
CUST00371,91,1,3504.13,4,1,1,411,6,Recent Customers
CUST00372,297,2,13599.49,2,3,3,233,8,At Risk
CUST00373,376,1,8592.08,1,1,2,112,4,Hibernating / Lost
CUST00374,270,2,28300.0,2,3,4,234,9,At Risk
CUST00375,226,1,1993.94,2,2,1,221,5,Hibernating / Lost
CUST00376,234,3,12181.32,2,4,3,243,9,At Risk
CUST00377,409,1,15774.94,1,2,3,123,6,Needs Attention
CUST00378,439,1,5693.34,1,2,2,122,5,Hibernating / Lost
CUST00379,421,1,6131.97,1,2,2,122,5,Hibernating / Lost
CUST00380,534,1,6128.77,1,2,2,122,5,Hibernating / Lost
CUST00381,496,1,4940.5599999999995,1,2,1,121,4,Hibernating / Lost
CUST00382,179,2,10314.66,3,3,2,332,8,Potential Loyalists
CUST00383,80,2,22158.49,4,3,4,434,11,Loyal Customers
CUST00384,535,1,5910.07,1,2,2,122,5,Hibernating / Lost
CUST00385,97,3,46494.26,4,4,5,445,13,Champions
CUST00386,30,5,84139.36,5,5,5,555,15,Champions
CUST00387,214,4,27828.89,2,4,4,244,10,At Risk (High Value)
CUST00388,409,1,8876.16,1,2,2,122,5,Hibernating / Lost
CUST00389,312,2,24278.280000000002,2,3,4,234,9,At Risk
CUST00390,421,1,4523.76,1,2,1,121,4,Hibernating / Lost
CUST00391,148,1,18723.66,3,2,3,323,8,Needs Attention
CUST00392,18,27,227093.56,5,5,5,555,15,Champions
CUST00393,112,1,8592.5,4,2,2,422,8,Recent Customers
CUST00394,23,2,38237.25,5,3,5,535,13,Loyal Customers
CUST00395,150,2,23795.79,3,3,4,334,10,Potential Loyalists
CUST00396,186,3,30213.08,3,4,4,344,11,Potential Loyalists
CUST00397,314,2,33062.98,2,3,4,234,9,At Risk
CUST00398,422,1,17149.379999999997,1,2,3,123,6,Needs Attention
CUST00399,72,1,3361.87,4,2,1,421,7,Recent Customers
CUST00400,424,2,14324.49,1,3,3,133,7,At Risk
CUST00401,11,1,2622.3,5,2,1,521,8,Recent Customers
CUST00402,188,1,2203.72,3,2,1,321,6,Needs Attention
CUST00403,396,1,1190.46,1,2,1,121,4,Hibernating / Lost
CUST00404,486,1,24453.48,1,2,4,124,7,Needs Attention
CUST00405,139,1,12591.4,3,2,3,323,8,Needs Attention
CUST00406,475,1,3039.78,1,2,1,121,4,Hibernating / Lost
CUST00407,308,1,9115.61,2,2,2,222,6,Hibernating / Lost
CUST00408,71,3,25076.69,4,4,4,444,12,Champions
CUST00409,67,4,37495.619999999995,4,4,5,445,13,Champions
CUST00410,445,1,6562.05,1,2,2,122,5,Hibernating / Lost
CUST00411,63,1,15897.080000000002,4,2,3,423,9,Recent Customers
CUST00412,138,1,2167.21,3,2,1,321,6,Needs Attention
CUST00413,290,2,17927.19,2,3,3,233,8,At Risk
CUST00414,237,3,16511.51,2,4,3,243,9,At Risk
CUST00415,273,1,6537.860000000001,2,2,2,222,6,Hibernating / Lost
CUST00416,21,10,67341.32,5,5,5,555,15,Champions
CUST00417,219,1,11679.91,2,2,3,223,7,Needs Attention
CUST00418,186,2,10726.279999999999,3,3,2,332,8,Potential Loyalists
CUST00419,113,3,26369.39,4,4,4,444,12,Champions
CUST00420,34,6,21280.33,5,5,4,554,14,Champions
CUST00421,155,3,47715.950000000004,3,4,5,345,12,Potential Loyalists
CUST00422,61,4,29158.93,4,4,4,444,12,Champions
CUST00423,155,1,3093.2799999999997,3,2,1,321,6,Needs Attention
CUST00424,66,3,50602.96,4,4,5,445,13,Champions
CUST00425,118,1,6941.5599999999995,3,2,2,322,7,Needs Attention
CUST00426,154,7,26456.739999999998,3,5,4,354,12,Potential Loyalists
CUST00427,145,2,15528.970000000001,3,3,3,333,9,Potential Loyalists
CUST00428,119,3,14288.52,3,4,3,343,10,Potential Loyalists
CUST00429,281,1,10856.28,2,2,2,222,6,Hibernating / Lost
CUST00430,71,2,8746.03,4,3,2,432,9,Loyal Customers
CUST00431,222,2,15948.53,2,3,3,233,8,At Risk
CUST00432,200,3,16289.11,3,4,3,343,10,Potential Loyalists
CUST00433,500,1,9285.2,1,2,2,122,5,Hibernating / Lost
CUST00434,354,1,4840.5,1,2,1,121,4,Hibernating / Lost
CUST00435,12,1,16068.330000000002,5,2,3,523,10,Recent Customers
CUST00437,88,6,37033.96,4,5,5,455,14,Champions
CUST00438,390,1,1899.0,1,2,1,121,4,Hibernating / Lost
CUST00439,14,19,129928.65,5,5,5,555,15,Champions
CUST00440,106,1,12212.73,4,2,3,423,9,Recent Customers
CUST00441,429,1,11371.349999999999,1,2,3,123,6,Needs Attention
CUST00442,81,4,28479.67,4,4,4,444,12,Champions
CUST00443,9,2,11832.02,5,3,3,533,11,Loyal Customers
CUST00444,23,2,6990.17,5,3,2,532,10,Loyal Customers
CUST00445,168,2,6549.96,3,3,2,332,8,Potential Loyalists
CUST00446,317,3,28972.75,2,4,4,244,10,At Risk (High Value)
CUST00447,433,1,6555.75,1,2,2,122,5,Hibernating / Lost
CUST00448,14,45,355193.21,5,5,5,555,15,Champions
CUST00449,61,18,165738.72,4,5,5,455,14,Champions
CUST00450,177,2,14771.310000000001,3,3,3,333,9,Potential Loyalists
CUST00451,178,1,7575.84,3,2,2,322,7,Needs Attention
CUST00452,249,3,29079.07,2,4,4,244,10,At Risk (High Value)
CUST00453,434,1,16224.57,1,2,3,123,6,Needs Attention
CUST00454,32,1,6353.9,5,2,2,522,9,Recent Customers
CUST00455,318,1,6558.19,2,2,2,222,6,Hibernating / Lost
CUST00456,390,1,12800.93,1,2,3,123,6,Needs Attention
CUST00457,3,6,46504.29,5,5,5,555,15,Champions
CUST00458,268,3,19182.129999999997,2,4,3,243,9,At Risk
CUST00459,68,3,16249.4,4,4,3,443,11,Loyal Customers
CUST00460,59,1,5001.56,4,2,1,421,7,Recent Customers
CUST00461,516,1,14974.779999999999,1,2,3,123,6,Needs Attention
CUST00462,447,1,443.7,1,2,1,121,4,Hibernating / Lost
CUST00463,5,29,235023.85,5,5,5,555,15,Champions
CUST00464,20,1,18837.6,5,2,3,523,10,Recent Customers
CUST00465,119,5,16852.62,3,5,3,353,11,Potential Loyalists
CUST00466,161,2,21846.510000000002,3,3,4,334,10,Potential Loyalists
CUST00467,128,1,4708.71,3,2,1,321,6,Needs Attention
CUST00468,46,3,22499.35,5,4,4,544,13,Champions
CUST00469,92,2,17189.07,4,3,3,433,10,Loyal Customers
CUST00470,38,6,60253.74,5,5,5,555,15,Champions
CUST00471,48,7,67576.34,5,5,5,555,15,Champions
CUST00472,238,1,6421.0,2,2,2,222,6,Hibernating / Lost
CUST00473,412,1,5241.5,1,2,1,121,4,Hibernating / Lost
CUST00474,232,2,3959.02,2,3,1,231,6,At Risk
CUST00475,1,7,57593.98,5,5,5,555,15,Champions
CUST00476,404,1,6555.75,1,2,2,122,5,Hibernating / Lost
CUST00477,376,2,4207.610000000001,1,3,1,131,5,At Risk
CUST00478,274,2,7613.3,2,3,2,232,7,At Risk
CUST00479,217,3,19858.13,2,4,4,244,10,At Risk (High Value)
CUST00481,124,3,38296.479999999996,3,4,5,345,12,Potential Loyalists
CUST00482,86,7,55762.32,4,5,5,455,14,Champions
CUST00483,54,1,5748.97,4,2,2,422,8,Recent Customers
CUST00484,136,1,3087.85,3,2,1,321,6,Needs Attention
CUST00485,19,16,142148.88,5,5,5,555,15,Champions
CUST00486,448,1,20366.58,1,2,4,124,7,Needs Attention
CUST00487,15,5,42091.65,5,5,5,555,15,Champions
CUST00488,96,2,10749.640000000001,4,3,2,432,9,Loyal Customers
CUST00489,245,1,18286.13,2,2,3,223,7,Needs Attention
CUST00490,38,5,50040.65,5,5,5,555,15,Champions
CUST00491,225,1,2203.72,2,2,1,221,5,Hibernating / Lost
CUST00492,89,2,11078.77,4,3,3,433,10,Loyal Customers
CUST00493,102,1,26812.65,4,2,4,424,10,Recent Customers
CUST00494,48,2,30661.28,5,3,4,534,12,Loyal Customers
CUST00495,21,1,9607.71,5,2,2,522,9,Recent Customers
CUST00496,62,1,2896.9900000000002,4,2,1,421,7,Recent Customers
CUST00497,14,16,116233.54000000001,5,5,5,555,15,Champions
CUST00498,289,1,19085.72,2,2,3,223,7,Needs Attention
CUST00499,66,2,32833.12,4,3,4,434,11,Loyal Customers
CUST00500,411,1,8202.09,1,2,2,122,5,Hibernating / Lost
CUST00501,168,4,30990.49,3,4,4,344,11,Potential Loyalists
CUST00502,456,1,13034.5,1,2,3,123,6,Needs Attention
CUST00503,16,16,162287.75,5,5,5,555,15,Champions
CUST00504,363,1,3034.7,1,2,1,121,4,Hibernating / Lost
CUST00505,532,1,3933.45,1,2,1,121,4,Hibernating / Lost
CUST00506,404,1,331.24,1,2,1,121,4,Hibernating / Lost
CUST00507,123,1,6582.66,3,2,2,322,7,Needs Attention
CUST00508,29,2,25882.82,5,3,4,534,12,Loyal Customers
CUST00509,352,1,10650.42,1,2,2,122,5,Hibernating / Lost
CUST00510,50,5,38423.229999999996,4,5,5,455,14,Champions
CUST00511,185,1,824.61,3,2,1,321,6,Needs Attention
CUST00512,497,1,449.1800000000001,1,2,1,121,4,Hibernating / Lost
CUST00513,183,2,32418.16,3,3,4,334,10,Potential Loyalists
CUST00514,126,3,35933.62,3,4,5,345,12,Potential Loyalists
CUST00515,360,1,11872.380000000001,1,2,3,123,6,Needs Attention
CUST00516,393,1,3264.85,1,2,1,121,4,Hibernating / Lost
CUST00517,57,1,9491.98,4,2,2,422,8,Recent Customers
CUST00518,138,3,39685.07,3,4,5,345,12,Potential Loyalists
CUST00519,238,2,19022.5,2,3,3,233,8,At Risk
CUST00520,531,1,29399.84,1,2,4,124,7,Needs Attention
CUST00521,104,5,56321.19,4,5,5,455,14,Champions
CUST00522,124,4,20122.399999999998,3,4,4,344,11,Potential Loyalists
CUST00523,193,2,25104.93,3,3,4,334,10,Potential Loyalists
CUST00524,107,6,48706.54,4,5,5,455,14,Champions
CUST00525,476,1,2375.45,1,2,1,121,4,Hibernating / Lost
CUST00526,331,1,5580.719999999999,2,2,2,222,6,Hibernating / Lost
CUST00527,262,1,15818.63,2,2,3,223,7,Needs Attention
CUST00528,22,1,20155.52,5,2,4,524,11,Recent Customers
CUST00529,12,2,19656.96,5,3,4,534,12,Loyal Customers
CUST00530,85,10,67796.23,4,5,5,455,14,Champions
CUST00531,372,1,14291.05,1,2,3,123,6,Needs Attention
CUST00532,8,1,8027.17,5,2,2,522,9,Recent Customers
CUST00533,63,1,1963.6800000000003,4,2,1,421,7,Recent Customers
CUST00534,19,9,95398.42,5,5,5,555,15,Champions
CUST00536,95,2,576.0500000000002,4,3,1,431,8,Loyal Customers
CUST00537,357,1,3308.0199999999995,1,2,1,121,4,Hibernating / Lost
CUST00538,447,1,13387.09,1,2,3,123,6,Needs Attention
CUST00539,22,28,241120.16,5,5,5,555,15,Champions
CUST00540,73,15,119785.01,4,5,5,455,14,Champions
CUST00541,234,1,19106.62,2,2,3,223,7,Needs Attention
CUST00542,8,12,89044.03,5,5,5,555,15,Champions
CUST00543,266,2,26469.66,2,3,4,234,9,At Risk
CUST00544,14,6,24422.769999999997,5,5,4,554,14,Champions
CUST00545,386,1,3203.48,1,2,1,121,4,Hibernating / Lost
CUST00546,304,2,19971.510000000002,2,3,4,234,9,At Risk
CUST00547,192,2,4936.01,3,3,1,331,7,Potential Loyalists
CUST00548,167,2,10265.18,3,3,2,332,8,Potential Loyalists
CUST00549,519,1,5227.860000000001,1,2,1,121,4,Hibernating / Lost
CUST00550,487,1,3087.0600000000004,1,2,1,121,4,Hibernating / Lost
CUST00551,214,1,7513.38,2,2,2,222,6,Hibernating / Lost
CUST00552,66,3,11383.18,4,4,3,443,11,Loyal Customers
CUST00553,391,1,3034.7,1,2,1,121,4,Hibernating / Lost
CUST00554,240,3,19450.11,2,4,4,244,10,At Risk (High Value)
CUST00555,16,16,135780.04,5,5,5,555,15,Champions
CUST00556,102,1,9679.1,4,2,2,422,8,Recent Customers
CUST00557,131,3,24555.97,3,4,4,344,11,Potential Loyalists
CUST00558,55,1,20493.149999999998,4,2,4,424,10,Recent Customers
CUST00559,34,6,48029.93,5,5,5,555,15,Champions
CUST00560,55,1,7281.99,4,2,2,422,8,Recent Customers
CUST00561,253,3,35211.25,2,4,4,244,10,At Risk (High Value)
CUST00562,82,5,35765.97,4,5,4,454,13,Champions
CUST00563,121,11,73497.41,3,5,5,355,13,Potential Loyalists
CUST00564,63,3,24049.53,4,4,4,444,12,Champions
CUST00565,116,2,16238.779999999999,4,3,3,433,10,Loyal Customers
CUST00566,77,2,5208.03,4,3,1,431,8,Loyal Customers
CUST00567,54,6,51071.61,4,5,5,455,14,Champions
CUST00568,384,2,32369.34,1,3,4,134,8,At Risk
CUST00569,10,1,2015.13,5,2,1,521,8,Recent Customers
CUST00570,38,9,60972.11,5,5,5,555,15,Champions
CUST00571,135,3,9783.53,3,4,2,342,9,Potential Loyalists
CUST00572,4,2,11018.31,5,3,2,532,10,Loyal Customers
CUST00573,250,1,5001.56,2,2,1,221,5,Hibernating / Lost
CUST00574,293,2,15883.32,2,3,3,233,8,At Risk
CUST00575,284,1,1093.1,2,2,1,221,5,Hibernating / Lost
CUST00576,59,2,13956.800000000001,4,3,3,433,10,Loyal Customers
CUST00577,310,1,4528.040000000001,2,2,1,221,5,Hibernating / Lost
CUST00578,182,2,8116.21,3,3,2,332,8,Potential Loyalists
CUST00579,10,43,332649.34,5,5,5,555,15,Champions
CUST00580,228,1,23521.050000000003,2,2,4,224,8,Needs Attention
CUST00581,44,20,144089.75,5,5,5,555,15,Champions
CUST00582,423,1,19895.13,1,2,4,124,7,Needs Attention
CUST00583,24,5,48777.22,5,5,5,555,15,Champions
CUST00584,36,4,27745.98,5,5,4,554,14,Champions
CUST00585,431,2,21459.06,1,3,4,134,8,At Risk
CUST00586,15,3,49245.659999999996,5,4,5,545,14,Champions
CUST00587,57,6,54092.35,4,5,5,455,14,Champions
CUST00588,396,1,8123.55,1,2,2,122,5,Hibernating / Lost
CUST00589,332,1,4508.77,2,2,1,221,5,Hibernating / Lost
CUST00590,4,2,9231.720000000001,5,3,2,532,10,Loyal Customers
CUST00591,207,4,44015.41,3,5,5,355,13,Potential Loyalists
CUST00592,287,3,25374.91,2,4,4,244,10,At Risk (High Value)
CUST00593,133,4,46847.51,3,5,5,355,13,Potential Loyalists
CUST00594,519,1,14475.16,1,2,3,123,6,Needs Attention
CUST00595,106,4,27242.74,4,5,4,454,13,Champions
CUST00596,305,1,16833.510000000002,2,2,3,223,7,Needs Attention
CUST00597,35,2,20591.27,5,3,4,534,12,Loyal Customers
CUST00598,418,1,3264.85,1,2,1,121,4,Hibernating / Lost
CUST00599,425,1,2183.27,1,2,1,121,4,Hibernating / Lost
CUST00600,408,1,11053.05,1,2,3,123,6,Needs Attention
CUST00601,265,1,7689.5199999999995,2,2,2,222,6,Hibernating / Lost
CUST00602,140,3,22085.29,3,4,4,344,11,Potential Loyalists
CUST00603,38,1,2304.87,5,2,1,521,8,Recent Customers
CUST00605,281,1,6911.65,2,2,2,222,6,Hibernating / Lost
CUST00606,260,1,15374.44,2,2,3,223,7,Needs Attention
CUST00607,522,1,16118.039999999999,1,2,3,123,6,Needs Attention
CUST00608,254,1,8352.38,2,2,2,222,6,Hibernating / Lost
CUST00609,46,2,6658.76,5,3,2,532,10,Loyal Customers
CUST00610,146,2,15263.1,3,3,3,333,9,Potential Loyalists
CUST00611,210,2,16976.43,2,3,3,233,8,At Risk
CUST00612,489,1,1312.41,1,2,1,121,4,Hibernating / Lost
CUST00613,189,1,3503.95,3,2,1,321,6,Needs Attention
CUST00614,38,5,36401.4,5,5,5,555,15,Champions
CUST00615,141,2,5562.27,3,3,2,332,8,Potential Loyalists
CUST00616,132,2,11907.84,3,4,3,343,10,Potential Loyalists
CUST00617,36,1,6365.94,5,2,2,522,9,Recent Customers
CUST00618,434,1,4164.27,1,2,1,121,4,Hibernating / Lost
CUST00619,466,1,4386.77,1,2,1,121,4,Hibernating / Lost
CUST00620,126,1,4676.73,3,2,1,321,6,Needs Attention
CUST00621,160,2,9670.16,3,4,2,342,9,Potential Loyalists
CUST00622,408,2,8349.7,1,4,2,142,7,At Risk
CUST00623,443,2,24327.0,1,4,4,144,9,At Risk (High Value)
CUST00624,149,3,26251.440000000002,3,4,4,344,11,Potential Loyalists
CUST00625,19,3,12278.68,5,4,3,543,12,Loyal Customers
CUST00626,232,3,48016.38,2,4,5,245,11,At Risk (High Value)
CUST00627,9,12,121790.51,5,5,5,555,15,Champions
CUST00628,307,1,437.24,2,2,1,221,5,Hibernating / Lost
CUST00629,75,1,7533.2,4,2,2,422,8,Recent Customers
CUST00630,504,1,1049.71,1,2,1,121,4,Hibernating / Lost
CUST00631,119,2,16140.12,3,4,3,343,10,Potential Loyalists
CUST00632,65,7,67354.57,4,5,5,455,14,Champions
CUST00633,432,1,2192.58,1,2,1,121,4,Hibernating / Lost
CUST00634,22,9,80584.34,5,5,5,555,15,Champions
CUST00635,174,1,1268.9,3,2,1,321,6,Needs Attention
CUST00636,1,9,69213.49,5,5,5,555,15,Champions
CUST00637,315,1,4855.0,2,2,1,221,5,Hibernating / Lost
CUST00638,515,1,7074.04,1,2,2,122,5,Hibernating / Lost
CUST00639,118,2,30048.559999999998,3,4,4,344,11,Potential Loyalists
CUST00640,124,1,5127.93,3,2,1,321,6,Needs Attention
CUST00641,190,1,9074.09,3,2,2,322,7,Needs Attention
CUST00642,48,1,14834.24,5,2,3,523,10,Recent Customers
CUST00643,73,4,24068.57,4,5,4,454,13,Champions
CUST00644,88,2,12682.73,4,4,3,443,11,Loyal Customers
CUST00645,349,1,5207.93,1,2,1,121,4,Hibernating / Lost
CUST00646,32,2,18223.29,5,4,3,543,12,Loyal Customers
CUST00647,111,3,5848.64,4,4,2,442,10,Loyal Customers
CUST00648,183,1,6783.6900000000005,3,2,2,322,7,Needs Attention
CUST00649,196,1,2723.88,3,2,1,321,6,Needs Attention
CUST00650,209,1,636.23,3,2,1,321,6,Needs Attention
CUST00651,447,1,11166.53,1,2,3,123,6,Needs Attention
CUST00652,311,3,18775.24,2,4,3,243,9,At Risk
CUST00653,163,1,5001.56,3,2,1,321,6,Needs Attention
CUST00654,241,2,12302.880000000001,2,4,3,243,9,At Risk
CUST00655,62,3,19791.87,4,4,4,444,12,Champions
CUST00656,395,1,14991.18,1,2,3,123,6,Needs Attention
CUST00657,89,2,18030.2,4,4,3,443,11,Loyal Customers
CUST00659,101,14,102992.48,4,5,5,455,14,Champions
CUST00660,429,2,11606.49,1,4,3,143,8,At Risk
CUST00661,77,4,52245.32,4,5,5,455,14,Champions
CUST00662,171,2,11897.8,3,4,3,343,10,Potential Loyalists
CUST00663,79,1,19334.21,4,2,4,424,10,Recent Customers
CUST00664,57,2,9354.5,4,4,2,442,10,Loyal Customers
CUST00665,80,12,78346.2,4,5,5,455,14,Champions
CUST00666,163,2,2835.34,3,4,1,341,8,Potential Loyalists
CUST00667,144,4,21163.7,3,5,4,354,12,Potential Loyalists
CUST00668,61,6,30816.36,4,5,4,454,13,Champions
CUST00669,281,1,874.48,2,2,1,221,5,Hibernating / Lost
CUST00670,393,1,1908.69,1,2,1,121,4,Hibernating / Lost
CUST00671,396,2,10302.52,1,4,2,142,7,At Risk
CUST00672,327,1,5614.83,2,2,2,222,6,Hibernating / Lost
CUST00673,6,5,34711.42,5,5,4,554,14,Champions
CUST00674,119,7,87155.92,3,5,5,355,13,Potential Loyalists
CUST00675,3,1,652.97,5,2,1,521,8,Recent Customers
CUST00676,442,1,1099.48,1,2,1,121,4,Hibernating / Lost
CUST00677,95,4,29180.68,4,5,4,454,13,Champions
CUST00678,515,1,8931.0,1,2,2,122,5,Hibernating / Lost
CUST00679,245,4,25620.94,2,5,4,254,11,At Risk (High Value)
CUST00680,514,1,4891.04,1,2,1,121,4,Hibernating / Lost
CUST00681,115,2,21350.68,4,4,4,444,12,Champions
CUST00682,107,1,21117.87,4,2,4,424,10,Recent Customers
CUST00683,219,2,7306.59,2,4,2,242,8,At Risk
CUST00684,234,1,4272.099999999999,2,2,1,221,5,Hibernating / Lost
CUST00685,37,2,20712.6,5,4,4,544,13,Champions
CUST00686,85,1,15437.57,4,2,3,423,9,Recent Customers
CUST00687,175,3,41259.15,3,4,5,345,12,Potential Loyalists
CUST00688,22,5,32365.12,5,5,4,554,14,Champions
CUST00689,304,1,4761.84,2,2,1,221,5,Hibernating / Lost
CUST00690,100,1,4087.98,4,2,1,421,7,Recent Customers
CUST00691,308,1,8472.38,2,2,2,222,6,Hibernating / Lost
CUST00692,502,2,21704.75,1,4,4,144,9,At Risk (High Value)
CUST00693,460,1,5750.7,1,2,2,122,5,Hibernating / Lost
CUST00694,37,2,18788.18,5,4,3,543,12,Loyal Customers
CUST00695,162,1,17117.36,3,2,3,323,8,Needs Attention
CUST00696,211,1,25703.160000000003,2,2,4,224,8,Needs Attention
CUST00697,57,2,8300.24,4,4,2,442,10,Loyal Customers
CUST00698,272,2,19254.58,2,4,4,244,10,At Risk (High Value)
CUST00699,7,30,222575.12,5,5,5,555,15,Champions
CUST00700,133,1,2864.09,3,2,1,321,6,Needs Attention
CUST00701,235,3,12033.43,2,4,3,243,9,At Risk
CUST00702,114,1,8059.4800000000005,4,2,2,422,8,Recent Customers
CUST00703,38,1,9414.32,5,2,2,522,9,Recent Customers
CUST00704,2,3,23716.45,5,4,4,544,13,Champions
CUST00705,214,3,37227.45,2,4,5,245,11,At Risk (High Value)
CUST00706,9,37,305189.18,5,5,5,555,15,Champions
CUST00707,205,1,10824.380000000001,3,2,2,322,7,Needs Attention
CUST00708,512,1,5952.3,1,2,2,122,5,Hibernating / Lost
CUST00709,81,3,35080.62,4,4,4,444,12,Champions
CUST00710,305,2,7451.6,2,4,2,242,8,At Risk
CUST00711,94,1,13847.630000000001,4,2,3,423,9,Recent Customers
CUST00712,514,1,7458.57,1,2,2,122,5,Hibernating / Lost
CUST00714,85,7,65337.56,4,5,5,455,14,Champions
CUST00715,322,1,10522.25,2,2,2,222,6,Hibernating / Lost
CUST00716,203,1,8794.57,3,2,2,322,7,Needs Attention
CUST00717,402,1,7346.97,1,2,2,122,5,Hibernating / Lost
CUST00718,289,1,16507.02,2,2,3,223,7,Needs Attention
CUST00719,535,1,7480.61,1,2,2,122,5,Hibernating / Lost
CUST00720,161,2,19075.34,3,4,3,343,10,Potential Loyalists
CUST00721,179,1,1824.84,3,2,1,321,6,Needs Attention
CUST00722,162,4,27940.940000000002,3,5,4,354,12,Potential Loyalists
CUST00723,519,1,11246.66,1,2,3,123,6,Needs Attention
CUST00724,119,2,5304.75,3,4,1,341,8,Potential Loyalists
CUST00725,83,6,15103.710000000001,4,5,3,453,12,Loyal Customers
CUST00726,26,2,16766.300000000003,5,4,3,543,12,Loyal Customers
CUST00727,167,2,27413.440000000002,3,4,4,344,11,Potential Loyalists
CUST00728,9,1,6684.53,5,2,2,522,9,Recent Customers
CUST00729,62,1,2624.82,4,2,1,421,7,Recent Customers
CUST00730,96,2,17345.35,4,4,3,443,11,Loyal Customers
CUST00731,10,45,319289.26,5,5,5,555,15,Champions
CUST00732,51,2,17563.510000000002,4,4,3,443,11,Loyal Customers
CUST00734,316,3,41331.41,2,4,5,245,11,At Risk (High Value)
CUST00735,34,1,3919.27,5,2,1,521,8,Recent Customers
CUST00736,398,1,17251.65,1,2,3,123,6,Needs Attention
CUST00737,278,2,16616.170000000002,2,4,3,243,9,At Risk
CUST00738,12,13,105600.8,5,5,5,555,15,Champions
CUST00739,246,1,6562.05,2,2,2,222,6,Hibernating / Lost
CUST00740,51,3,38112.34,4,4,5,445,13,Champions
CUST00741,412,1,15914.85,1,2,3,123,6,Needs Attention
CUST00742,115,2,23451.71,4,4,4,444,12,Champions
CUST00743,218,1,14320.15,2,2,3,223,7,Needs Attention
CUST00744,68,1,980.3,4,3,1,431,8,Loyal Customers
CUST00745,52,3,16323.849999999999,4,4,3,443,11,Loyal Customers
CUST00746,253,1,14137.82,2,3,3,233,8,At Risk
CUST00747,136,2,13933.82,3,4,3,343,10,Potential Loyalists
CUST00748,37,4,27738.07,5,5,4,554,14,Champions
CUST00749,69,9,80506.04,4,5,5,455,14,Champions
CUST00750,543,1,2640.28,1,3,1,131,5,At Risk
CUST00751,150,1,6131.97,3,3,2,332,8,Potential Loyalists
CUST00752,468,1,2427.76,1,3,1,131,5,At Risk
CUST00753,14,41,290328.12,5,5,5,555,15,Champions
CUST00754,107,9,78075.35,4,5,5,455,14,Champions
CUST00755,23,2,3505.93,5,4,1,541,10,Loyal Customers
CUST00756,24,5,53223.63,5,5,5,555,15,Champions
CUST00757,174,2,18171.01,3,4,3,343,10,Potential Loyalists
CUST00758,354,2,23430.760000000002,1,4,4,144,9,At Risk (High Value)
CUST00759,150,1,9969.7,3,3,2,332,8,Potential Loyalists
CUST00760,30,3,8371.38,5,4,2,542,11,Loyal Customers
CUST00761,77,1,1074.08,4,3,1,431,8,Loyal Customers
CUST00762,44,3,31895.99,5,4,4,544,13,Champions
CUST00763,49,4,40780.13,5,5,5,555,15,Champions
CUST00764,110,3,34695.53,4,4,4,444,12,Champions
CUST00765,331,1,3566.52,2,3,1,231,6,At Risk
CUST00766,7,1,5808.23,5,3,2,532,10,Loyal Customers
CUST00767,322,1,5447.76,2,3,1,231,6,At Risk
CUST00768,277,1,11925.27,2,3,3,233,8,At Risk
CUST00769,417,1,46600.91,1,3,5,135,9,At Risk
CUST00770,110,10,75512.92,4,5,5,455,14,Champions
CUST00771,260,2,8813.539999999999,2,4,2,242,8,At Risk
CUST00772,283,1,9548.91,2,3,2,232,7,At Risk
CUST00773,205,1,4790.4400000000005,3,3,1,331,7,Potential Loyalists
CUST00774,503,1,4193.2,1,3,1,131,5,At Risk
CUST00775,84,2,10291.220000000001,4,4,2,442,10,Loyal Customers
CUST00776,371,2,3199.98,1,4,1,141,6,At Risk
CUST00777,27,8,69529.15,5,5,5,555,15,Champions
CUST00778,138,2,20527.03,3,4,4,344,11,Potential Loyalists
CUST00779,3,40,317448.94,5,5,5,555,15,Champions
CUST00780,93,4,31090.39,4,5,4,454,13,Champions
CUST00781,361,1,13715.95,1,3,3,133,7,At Risk
CUST00782,1,9,132064.32,5,5,5,555,15,Champions
CUST00783,154,1,14364.43,3,3,3,333,9,Potential Loyalists
CUST00784,76,4,56945.79,4,5,5,455,14,Champions
CUST00785,539,1,10596.36,1,3,2,132,6,At Risk
CUST00786,227,5,52587.21,2,5,5,255,12,At Risk (High Value)
CUST00787,252,6,56608.15,2,5,5,255,12,At Risk (High Value)
CUST00788,204,4,32593.66,3,5,4,354,12,Potential Loyalists
CUST00789,273,4,22067.54,2,5,4,254,11,At Risk (High Value)
CUST00790,324,1,19442.73,2,3,4,234,9,At Risk
CUST00792,516,1,1858.22,1,3,1,131,5,At Risk
CUST00793,396,1,10132.83,1,3,2,132,6,At Risk
CUST00794,194,3,21928.68,3,4,4,344,11,Potential Loyalists
CUST00795,77,1,2801.38,4,3,1,431,8,Loyal Customers
CUST00796,28,19,208904.78,5,5,5,555,15,Champions
CUST00797,214,2,21477.71,2,4,4,244,10,At Risk (High Value)
CUST00798,124,4,50641.97,3,5,5,355,13,Potential Loyalists
CUST00799,162,1,14307.93,3,3,3,333,9,Potential Loyalists
CUST00800,26,5,33429.72,5,5,4,554,14,Champions
CUST00801,48,8,55676.09,5,5,5,555,15,Champions
CUST00802,55,2,11105.66,4,4,3,443,11,Loyal Customers
CUST00803,285,2,18127.4,2,4,3,243,9,At Risk
CUST00804,115,3,31482.899999999998,4,4,4,444,12,Champions
CUST00805,321,1,6018.04,2,3,2,232,7,At Risk
CUST00806,210,2,12733.99,2,4,3,243,9,At Risk
CUST00807,129,1,23764.18,3,3,4,334,10,Potential Loyalists
CUST00808,442,1,2427.76,1,3,1,131,5,At Risk
CUST00809,388,1,22352.98,1,3,4,134,8,At Risk
CUST00810,267,1,15395.050000000001,2,3,3,233,8,At Risk
CUST00811,190,1,9369.78,3,3,2,332,8,Potential Loyalists
CUST00812,348,1,4937.92,1,3,1,131,5,At Risk
CUST00813,80,14,131023.62,4,5,5,455,14,Champions
CUST00814,532,2,16080.8,1,4,3,143,8,At Risk
CUST00815,13,15,151279.18,5,5,5,555,15,Champions
CUST00816,202,1,19201.97,3,3,3,333,9,Potential Loyalists
CUST00817,544,1,5379.1900000000005,1,3,1,131,5,At Risk
CUST00818,30,2,24864.13,5,4,4,544,13,Champions
CUST00819,75,1,1958.91,4,3,1,431,8,Loyal Customers
CUST00820,137,1,9370.77,3,3,2,332,8,Potential Loyalists
CUST00821,138,2,16123.09,3,4,3,343,10,Potential Loyalists
CUST00822,379,1,8602.49,1,3,2,132,6,At Risk
CUST00823,220,2,8580.71,2,4,2,242,8,At Risk
CUST00824,209,2,6924.32,3,4,2,342,9,Potential Loyalists
CUST00825,321,1,7985.56,2,3,2,232,7,At Risk
CUST00826,528,1,8793.47,1,3,2,132,6,At Risk
CUST00827,10,4,56743.33,5,5,5,555,15,Champions
CUST00828,404,1,3207.82,1,3,1,131,5,At Risk
CUST00829,346,1,23652.05,1,3,4,134,8,At Risk
CUST00830,12,45,427089.29,5,5,5,555,15,Champions
CUST00831,337,1,4581.95,2,3,1,231,6,At Risk
CUST00832,58,3,18025.34,4,4,3,443,11,Loyal Customers
CUST00833,43,25,185543.63,5,5,5,555,15,Champions
CUST00834,304,1,808.92,2,3,1,231,6,At Risk
CUST00835,148,1,3282.08,3,3,1,331,7,Potential Loyalists
CUST00836,75,1,13881.41,4,3,3,433,10,Loyal Customers
CUST00837,203,1,2970.39,3,3,1,331,7,Potential Loyalists
CUST00838,531,1,10576.640000000001,1,3,2,132,6,At Risk
CUST00839,211,3,30155.72,2,4,4,244,10,At Risk (High Value)
CUST00840,74,1,3181.15,4,3,1,431,8,Loyal Customers
CUST00841,226,2,29390.83,2,4,4,244,10,At Risk (High Value)
CUST00842,30,44,298807.18,5,5,5,555,15,Champions
CUST00843,328,4,27042.5,2,5,4,254,11,At Risk (High Value)
CUST00844,60,2,3352.32,4,4,1,441,9,Loyal Customers
CUST00845,40,1,7447.12,5,3,2,532,10,Loyal Customers
CUST00846,20,2,2340.34,5,4,1,541,10,Loyal Customers
CUST00847,17,2,31570.98,5,4,4,544,13,Champions
CUST00848,221,1,9763.03,2,3,2,232,7,At Risk
CUST00849,130,1,16112.81,3,3,3,333,9,Potential Loyalists
CUST00850,132,6,25662.34,3,5,4,354,12,Potential Loyalists
